,latitude,longitude,uid,lat_radians,lon_radians
0,10.5,67.5,0x0,0.1832595714594046,1.1780972450961724
1,10.5,68.5,0x1,0.1832595714594046,1.1955505376161157
2,10.5,69.5,0x2,0.1832595714594046,1.213003830136059
3,10.5,70.5,0x3,0.1832595714594046,1.2304571226560024
4,10.5,71.5,0x4,0.1832595714594046,1.2479104151759457
5,10.5,72.5,0x5,0.1832595714594046,1.265363707695889
6,10.5,73.5,0x6,0.1832595714594046,1.2828170002158321
7,10.5,74.5,0x7,0.1832595714594046,1.3002702927357754
8,10.5,75.5,0x8,0.1832595714594046,1.3177235852557188
9,10.5,76.5,0x9,0.1832595714594046,1.335176877775662
10,10.5,77.5,0xa,0.1832595714594046,1.3526301702956054
11,10.5,78.5,0xb,0.1832595714594046,1.3700834628155487
12,10.5,79.5,0xc,0.1832595714594046,1.387536755335492
13,10.5,80.5,0xd,0.1832595714594046,1.4049900478554354
14,10.5,81.5,0xe,0.1832595714594046,1.4224433403753787
15,10.5,82.5,0xf,0.1832595714594046,1.4398966328953218
16,10.5,83.5,0x10,0.1832595714594046,1.457349925415265
17,10.5,84.5,0x11,0.1832595714594046,1.4748032179352084
18,10.5,85.5,0x12,0.1832595714594046,1.4922565104551517
19,10.5,86.5,0x13,0.1832595714594046,1.509709802975095
20,10.5,87.5,0x14,0.1832595714594046,1.5271630954950384
21,10.5,88.5,0x15,0.1832595714594046,1.5446163880149817
22,10.5,89.5,0x16,0.1832595714594046,1.562069680534925
23,10.5,90.5,0x17,0.1832595714594046,1.5795229730548683
24,10.5,91.5,0x18,0.1832595714594046,1.5969762655748114
25,10.5,92.5,0x19,0.1832595714594046,1.6144295580947547
26,10.5,93.5,0x1a,0.1832595714594046,1.631882850614698
27,10.5,94.5,0x1b,0.1832595714594046,1.6493361431346414
28,10.5,95.5,0x1c,0.1832595714594046,1.6667894356545847
29,10.5,96.5,0x1d,0.1832595714594046,1.684242728174528
30,10.5,97.5,0x1e,0.1832595714594046,1.7016960206944713
31,11.5,67.5,0x1f,0.2007128639793479,1.1780972450961724
32,11.5,68.5,0x20,0.2007128639793479,1.1955505376161157
33,11.5,69.5,0x21,0.2007128639793479,1.213003830136059
34,11.5,70.5,0x22,0.2007128639793479,1.2304571226560024
35,11.5,71.5,0x23,0.2007128639793479,1.2479104151759457
36,11.5,72.5,0x24,0.2007128639793479,1.265363707695889
37,11.5,73.5,0x25,0.2007128639793479,1.2828170002158321
38,11.5,74.5,0x26,0.2007128639793479,1.3002702927357754
39,11.5,75.5,0x27,0.2007128639793479,1.3177235852557188
40,11.5,76.5,0x28,0.2007128639793479,1.335176877775662
41,11.5,77.5,0x29,0.2007128639793479,1.3526301702956054
42,11.5,78.5,0x2a,0.2007128639793479,1.3700834628155487
43,11.5,79.5,0x2b,0.2007128639793479,1.387536755335492
44,11.5,80.5,0x2c,0.2007128639793479,1.4049900478554354
45,11.5,81.5,0x2d,0.2007128639793479,1.4224433403753787
46,11.5,82.5,0x2e,0.2007128639793479,1.4398966328953218
47,11.5,83.5,0x2f,0.2007128639793479,1.457349925415265
48,11.5,84.5,0x30,0.2007128639793479,1.4748032179352084
49,11.5,85.5,0x31,0.2007128639793479,1.4922565104551517
50,11.5,86.5,0x32,0.2007128639793479,1.509709802975095
51,11.5,87.5,0x33,0.2007128639793479,1.5271630954950384
52,11.5,88.5,0x34,0.2007128639793479,1.5446163880149817
53,11.5,89.5,0x35,0.2007128639793479,1.562069680534925
54,11.5,90.5,0x36,0.2007128639793479,1.5795229730548683
55,11.5,91.5,0x37,0.2007128639793479,1.5969762655748114
56,11.5,92.5,0x38,0.2007128639793479,1.6144295580947547
57,11.5,93.5,0x39,0.2007128639793479,1.631882850614698
58,11.5,94.5,0x3a,0.2007128639793479,1.6493361431346414
59,11.5,95.5,0x3b,0.2007128639793479,1.6667894356545847
60,11.5,96.5,0x3c,0.2007128639793479,1.684242728174528
61,11.5,97.5,0x3d,0.2007128639793479,1.7016960206944713
62,12.5,67.5,0x3e,0.2181661564992912,1.1780972450961724
63,12.5,68.5,0x3f,0.2181661564992912,1.1955505376161157
64,12.5,69.5,0x40,0.2181661564992912,1.213003830136059
65,12.5,70.5,0x41,0.2181661564992912,1.2304571226560024
66,12.5,71.5,0x42,0.2181661564992912,1.2479104151759457
67,12.5,72.5,0x43,0.2181661564992912,1.265363707695889
68,12.5,73.5,0x44,0.2181661564992912,1.2828170002158321
69,12.5,74.5,0x45,0.2181661564992912,1.3002702927357754
70,12.5,75.5,0x46,0.2181661564992912,1.3177235852557188
71,12.5,76.5,0x47,0.2181661564992912,1.335176877775662
72,12.5,77.5,0x48,0.2181661564992912,1.3526301702956054
73,12.5,78.5,0x49,0.2181661564992912,1.3700834628155487
74,12.5,79.5,0x4a,0.2181661564992912,1.387536755335492
75,12.5,80.5,0x4b,0.2181661564992912,1.4049900478554354
76,12.5,81.5,0x4c,0.2181661564992912,1.4224433403753787
77,12.5,82.5,0x4d,0.2181661564992912,1.4398966328953218
78,12.5,83.5,0x4e,0.2181661564992912,1.457349925415265
79,12.5,84.5,0x4f,0.2181661564992912,1.4748032179352084
80,12.5,85.5,0x50,0.2181661564992912,1.4922565104551517
81,12.5,86.5,0x51,0.2181661564992912,1.509709802975095
82,12.5,87.5,0x52,0.2181661564992912,1.5271630954950384
83,12.5,88.5,0x53,0.2181661564992912,1.5446163880149817
84,12.5,89.5,0x54,0.2181661564992912,1.562069680534925
85,12.5,90.5,0x55,0.2181661564992912,1.5795229730548683
86,12.5,91.5,0x56,0.2181661564992912,1.5969762655748114
87,12.5,92.5,0x57,0.2181661564992912,1.6144295580947547
88,12.5,93.5,0x58,0.2181661564992912,1.631882850614698
89,12.5,94.5,0x59,0.2181661564992912,1.6493361431346414
90,12.5,95.5,0x5a,0.2181661564992912,1.6667894356545847
91,12.5,96.5,0x5b,0.2181661564992912,1.684242728174528
92,12.5,97.5,0x5c,0.2181661564992912,1.7016960206944713
93,13.5,67.5,0x5d,0.23561944901923448,1.1780972450961724
94,13.5,68.5,0x5e,0.23561944901923448,1.1955505376161157
95,13.5,69.5,0x5f,0.23561944901923448,1.213003830136059
96,13.5,70.5,0x60,0.23561944901923448,1.2304571226560024
97,13.5,71.5,0x61,0.23561944901923448,1.2479104151759457
98,13.5,72.5,0x62,0.23561944901923448,1.265363707695889
99,13.5,73.5,0x63,0.23561944901923448,1.2828170002158321
100,13.5,74.5,0x64,0.23561944901923448,1.3002702927357754
101,13.5,75.5,0x65,0.23561944901923448,1.3177235852557188
102,13.5,76.5,0x66,0.23561944901923448,1.335176877775662
103,13.5,77.5,0x67,0.23561944901923448,1.3526301702956054
104,13.5,78.5,0x68,0.23561944901923448,1.3700834628155487
105,13.5,79.5,0x69,0.23561944901923448,1.387536755335492
106,13.5,80.5,0x6a,0.23561944901923448,1.4049900478554354
107,13.5,81.5,0x6b,0.23561944901923448,1.4224433403753787
108,13.5,82.5,0x6c,0.23561944901923448,1.4398966328953218
109,13.5,83.5,0x6d,0.23561944901923448,1.457349925415265
110,13.5,84.5,0x6e,0.23561944901923448,1.4748032179352084
111,13.5,85.5,0x6f,0.23561944901923448,1.4922565104551517
112,13.5,86.5,0x70,0.23561944901923448,1.509709802975095
113,13.5,87.5,0x71,0.23561944901923448,1.5271630954950384
114,13.5,88.5,0x72,0.23561944901923448,1.5446163880149817
115,13.5,89.5,0x73,0.23561944901923448,1.562069680534925
116,13.5,90.5,0x74,0.23561944901923448,1.5795229730548683
117,13.5,91.5,0x75,0.23561944901923448,1.5969762655748114
118,13.5,92.5,0x76,0.23561944901923448,1.6144295580947547
119,13.5,93.5,0x77,0.23561944901923448,1.631882850614698
120,13.5,94.5,0x78,0.23561944901923448,1.6493361431346414
121,13.5,95.5,0x79,0.23561944901923448,1.6667894356545847
122,13.5,96.5,0x7a,0.23561944901923448,1.684242728174528
123,13.5,97.5,0x7b,0.23561944901923448,1.7016960206944713
124,14.5,67.5,0x7c,0.2530727415391778,1.1780972450961724
125,14.5,68.5,0x7d,0.2530727415391778,1.1955505376161157
126,14.5,69.5,0x7e,0.2530727415391778,1.213003830136059
127,14.5,70.5,0x7f,0.2530727415391778,1.2304571226560024
128,14.5,71.5,0x80,0.2530727415391778,1.2479104151759457
129,14.5,72.5,0x81,0.2530727415391778,1.265363707695889
130,14.5,73.5,0x82,0.2530727415391778,1.2828170002158321
131,14.5,74.5,0x83,0.2530727415391778,1.3002702927357754
132,14.5,75.5,0x84,0.2530727415391778,1.3177235852557188
133,14.5,76.5,0x85,0.2530727415391778,1.335176877775662
134,14.5,77.5,0x86,0.2530727415391778,1.3526301702956054
135,14.5,78.5,0x87,0.2530727415391778,1.3700834628155487
136,14.5,79.5,0x88,0.2530727415391778,1.387536755335492
137,14.5,80.5,0x89,0.2530727415391778,1.4049900478554354
138,14.5,81.5,0x8a,0.2530727415391778,1.4224433403753787
139,14.5,82.5,0x8b,0.2530727415391778,1.4398966328953218
140,14.5,83.5,0x8c,0.2530727415391778,1.457349925415265
141,14.5,84.5,0x8d,0.2530727415391778,1.4748032179352084
142,14.5,85.5,0x8e,0.2530727415391778,1.4922565104551517
143,14.5,86.5,0x8f,0.2530727415391778,1.509709802975095
144,14.5,87.5,0x90,0.2530727415391778,1.5271630954950384
145,14.5,88.5,0x91,0.2530727415391778,1.5446163880149817
146,14.5,89.5,0x92,0.2530727415391778,1.562069680534925
147,14.5,90.5,0x93,0.2530727415391778,1.5795229730548683
148,14.5,91.5,0x94,0.2530727415391778,1.5969762655748114
149,14.5,92.5,0x95,0.2530727415391778,1.6144295580947547
150,14.5,93.5,0x96,0.2530727415391778,1.631882850614698
151,14.5,94.5,0x97,0.2530727415391778,1.6493361431346414
152,14.5,95.5,0x98,0.2530727415391778,1.6667894356545847
153,14.5,96.5,0x99,0.2530727415391778,1.684242728174528
154,14.5,97.5,0x9a,0.2530727415391778,1.7016960206944713
155,15.5,67.5,0x9b,0.27052603405912107,1.1780972450961724
156,15.5,68.5,0x9c,0.27052603405912107,1.1955505376161157
157,15.5,69.5,0x9d,0.27052603405912107,1.213003830136059
158,15.5,70.5,0x9e,0.27052603405912107,1.2304571226560024
159,15.5,71.5,0x9f,0.27052603405912107,1.2479104151759457
160,15.5,72.5,0xa0,0.27052603405912107,1.265363707695889
161,15.5,73.5,0xa1,0.27052603405912107,1.2828170002158321
162,15.5,74.5,0xa2,0.27052603405912107,1.3002702927357754
163,15.5,75.5,0xa3,0.27052603405912107,1.3177235852557188
164,15.5,76.5,0xa4,0.27052603405912107,1.335176877775662
165,15.5,77.5,0xa5,0.27052603405912107,1.3526301702956054
166,15.5,78.5,0xa6,0.27052603405912107,1.3700834628155487
167,15.5,79.5,0xa7,0.27052603405912107,1.387536755335492
168,15.5,80.5,0xa8,0.27052603405912107,1.4049900478554354
169,15.5,81.5,0xa9,0.27052603405912107,1.4224433403753787
170,15.5,82.5,0xaa,0.27052603405912107,1.4398966328953218
171,15.5,83.5,0xab,0.27052603405912107,1.457349925415265
172,15.5,84.5,0xac,0.27052603405912107,1.4748032179352084
173,15.5,85.5,0xad,0.27052603405912107,1.4922565104551517
174,15.5,86.5,0xae,0.27052603405912107,1.509709802975095
175,15.5,87.5,0xaf,0.27052603405912107,1.5271630954950384
176,15.5,88.5,0xb0,0.27052603405912107,1.5446163880149817
177,15.5,89.5,0xb1,0.27052603405912107,1.562069680534925
178,15.5,90.5,0xb2,0.27052603405912107,1.5795229730548683
179,15.5,91.5,0xb3,0.27052603405912107,1.5969762655748114
180,15.5,92.5,0xb4,0.27052603405912107,1.6144295580947547
181,15.5,93.5,0xb5,0.27052603405912107,1.631882850614698
182,15.5,94.5,0xb6,0.27052603405912107,1.6493361431346414
183,15.5,95.5,0xb7,0.27052603405912107,1.6667894356545847
184,15.5,96.5,0xb8,0.27052603405912107,1.684242728174528
185,15.5,97.5,0xb9,0.27052603405912107,1.7016960206944713
186,16.5,67.5,0xba,0.2879793265790644,1.1780972450961724
187,16.5,68.5,0xbb,0.2879793265790644,1.1955505376161157
188,16.5,69.5,0xbc,0.2879793265790644,1.213003830136059
189,16.5,70.5,0xbd,0.2879793265790644,1.2304571226560024
190,16.5,71.5,0xbe,0.2879793265790644,1.2479104151759457
191,16.5,72.5,0xbf,0.2879793265790644,1.265363707695889
192,16.5,73.5,0xc0,0.2879793265790644,1.2828170002158321
193,16.5,74.5,0xc1,0.2879793265790644,1.3002702927357754
194,16.5,75.5,0xc2,0.2879793265790644,1.3177235852557188
195,16.5,76.5,0xc3,0.2879793265790644,1.335176877775662
196,16.5,77.5,0xc4,0.2879793265790644,1.3526301702956054
197,16.5,78.5,0xc5,0.2879793265790644,1.3700834628155487
198,16.5,79.5,0xc6,0.2879793265790644,1.387536755335492
199,16.5,80.5,0xc7,0.2879793265790644,1.4049900478554354
200,16.5,81.5,0xc8,0.2879793265790644,1.4224433403753787
201,16.5,82.5,0xc9,0.2879793265790644,1.4398966328953218
202,16.5,83.5,0xca,0.2879793265790644,1.457349925415265
203,16.5,84.5,0xcb,0.2879793265790644,1.4748032179352084
204,16.5,85.5,0xcc,0.2879793265790644,1.4922565104551517
205,16.5,86.5,0xcd,0.2879793265790644,1.509709802975095
206,16.5,87.5,0xce,0.2879793265790644,1.5271630954950384
207,16.5,88.5,0xcf,0.2879793265790644,1.5446163880149817
208,16.5,89.5,0xd0,0.2879793265790644,1.562069680534925
209,16.5,90.5,0xd1,0.2879793265790644,1.5795229730548683
210,16.5,91.5,0xd2,0.2879793265790644,1.5969762655748114
211,16.5,92.5,0xd3,0.2879793265790644,1.6144295580947547
212,16.5,93.5,0xd4,0.2879793265790644,1.631882850614698
213,16.5,94.5,0xd5,0.2879793265790644,1.6493361431346414
214,16.5,95.5,0xd6,0.2879793265790644,1.6667894356545847
215,16.5,96.5,0xd7,0.2879793265790644,1.684242728174528
216,16.5,97.5,0xd8,0.2879793265790644,1.7016960206944713
217,17.5,67.5,0xd9,0.30543261909900765,1.1780972450961724
218,17.5,68.5,0xda,0.30543261909900765,1.1955505376161157
219,17.5,69.5,0xdb,0.30543261909900765,1.213003830136059
220,17.5,70.5,0xdc,0.30543261909900765,1.2304571226560024
221,17.5,71.5,0xdd,0.30543261909900765,1.2479104151759457
222,17.5,72.5,0xde,0.30543261909900765,1.265363707695889
223,17.5,73.5,0xdf,0.30543261909900765,1.2828170002158321
224,17.5,74.5,0xe0,0.30543261909900765,1.3002702927357754
225,17.5,75.5,0xe1,0.30543261909900765,1.3177235852557188
226,17.5,76.5,0xe2,0.30543261909900765,1.335176877775662
227,17.5,77.5,0xe3,0.30543261909900765,1.3526301702956054
228,17.5,78.5,0xe4,0.30543261909900765,1.3700834628155487
229,17.5,79.5,0xe5,0.30543261909900765,1.387536755335492
230,17.5,80.5,0xe6,0.30543261909900765,1.4049900478554354
231,17.5,81.5,0xe7,0.30543261909900765,1.4224433403753787
232,17.5,82.5,0xe8,0.30543261909900765,1.4398966328953218
233,17.5,83.5,0xe9,0.30543261909900765,1.457349925415265
234,17.5,84.5,0xea,0.30543261909900765,1.4748032179352084
235,17.5,85.5,0xeb,0.30543261909900765,1.4922565104551517
236,17.5,86.5,0xec,0.30543261909900765,1.509709802975095
237,17.5,87.5,0xed,0.30543261909900765,1.5271630954950384
238,17.5,88.5,0xee,0.30543261909900765,1.5446163880149817
239,17.5,89.5,0xef,0.30543261909900765,1.562069680534925
240,17.5,90.5,0xf0,0.30543261909900765,1.5795229730548683
241,17.5,91.5,0xf1,0.30543261909900765,1.5969762655748114
242,17.5,92.5,0xf2,0.30543261909900765,1.6144295580947547
243,17.5,93.5,0xf3,0.30543261909900765,1.631882850614698
244,17.5,94.5,0xf4,0.30543261909900765,1.6493361431346414
245,17.5,95.5,0xf5,0.30543261909900765,1.6667894356545847
246,17.5,96.5,0xf6,0.30543261909900765,1.684242728174528
247,17.5,97.5,0xf7,0.30543261909900765,1.7016960206944713
248,18.5,67.5,0xf8,0.32288591161895097,1.1780972450961724
249,18.5,68.5,0xf9,0.32288591161895097,1.1955505376161157
250,18.5,69.5,0xfa,0.32288591161895097,1.213003830136059
251,18.5,70.5,0xfb,0.32288591161895097,1.2304571226560024
252,18.5,71.5,0xfc,0.32288591161895097,1.2479104151759457
253,18.5,72.5,0xfd,0.32288591161895097,1.265363707695889
254,18.5,73.5,0xfe,0.32288591161895097,1.2828170002158321
255,18.5,74.5,0xff,0.32288591161895097,1.3002702927357754
256,18.5,75.5,0x100,0.32288591161895097,1.3177235852557188
257,18.5,76.5,0x101,0.32288591161895097,1.335176877775662
258,18.5,77.5,0x102,0.32288591161895097,1.3526301702956054
259,18.5,78.5,0x103,0.32288591161895097,1.3700834628155487
260,18.5,79.5,0x104,0.32288591161895097,1.387536755335492
261,18.5,80.5,0x105,0.32288591161895097,1.4049900478554354
262,18.5,81.5,0x106,0.32288591161895097,1.4224433403753787
263,18.5,82.5,0x107,0.32288591161895097,1.4398966328953218
264,18.5,83.5,0x108,0.32288591161895097,1.457349925415265
265,18.5,84.5,0x109,0.32288591161895097,1.4748032179352084
266,18.5,85.5,0x10a,0.32288591161895097,1.4922565104551517
267,18.5,86.5,0x10b,0.32288591161895097,1.509709802975095
268,18.5,87.5,0x10c,0.32288591161895097,1.5271630954950384
269,18.5,88.5,0x10d,0.32288591161895097,1.5446163880149817
270,18.5,89.5,0x10e,0.32288591161895097,1.562069680534925
271,18.5,90.5,0x10f,0.32288591161895097,1.5795229730548683
272,18.5,91.5,0x110,0.32288591161895097,1.5969762655748114
273,18.5,92.5,0x111,0.32288591161895097,1.6144295580947547
274,18.5,93.5,0x112,0.32288591161895097,1.631882850614698
275,18.5,94.5,0x113,0.32288591161895097,1.6493361431346414
276,18.5,95.5,0x114,0.32288591161895097,1.6667894356545847
277,18.5,96.5,0x115,0.32288591161895097,1.684242728174528
278,18.5,97.5,0x116,0.32288591161895097,1.7016960206944713
279,19.5,67.5,0x117,0.34033920413889424,1.1780972450961724
280,19.5,68.5,0x118,0.34033920413889424,1.1955505376161157
281,19.5,69.5,0x119,0.34033920413889424,1.213003830136059
282,19.5,70.5,0x11a,0.34033920413889424,1.2304571226560024
283,19.5,71.5,0x11b,0.34033920413889424,1.2479104151759457
284,19.5,72.5,0x11c,0.34033920413889424,1.265363707695889
285,19.5,73.5,0x11d,0.34033920413889424,1.2828170002158321
286,19.5,74.5,0x11e,0.34033920413889424,1.3002702927357754
287,19.5,75.5,0x11f,0.34033920413889424,1.3177235852557188
288,19.5,76.5,0x120,0.34033920413889424,1.335176877775662
289,19.5,77.5,0x121,0.34033920413889424,1.3526301702956054
290,19.5,78.5,0x122,0.34033920413889424,1.3700834628155487
291,19.5,79.5,0x123,0.34033920413889424,1.387536755335492
292,19.5,80.5,0x124,0.34033920413889424,1.4049900478554354
293,19.5,81.5,0x125,0.34033920413889424,1.4224433403753787
294,19.5,82.5,0x126,0.34033920413889424,1.4398966328953218
295,19.5,83.5,0x127,0.34033920413889424,1.457349925415265
296,19.5,84.5,0x128,0.34033920413889424,1.4748032179352084
297,19.5,85.5,0x129,0.34033920413889424,1.4922565104551517
298,19.5,86.5,0x12a,0.34033920413889424,1.509709802975095
299,19.5,87.5,0x12b,0.34033920413889424,1.5271630954950384
300,19.5,88.5,0x12c,0.34033920413889424,1.5446163880149817
301,19.5,89.5,0x12d,0.34033920413889424,1.562069680534925
302,19.5,90.5,0x12e,0.34033920413889424,1.5795229730548683
303,19.5,91.5,0x12f,0.34033920413889424,1.5969762655748114
304,19.5,92.5,0x130,0.34033920413889424,1.6144295580947547
305,19.5,93.5,0x131,0.34033920413889424,1.631882850614698
306,19.5,94.5,0x132,0.34033920413889424,1.6493361431346414
307,19.5,95.5,0x133,0.34033920413889424,1.6667894356545847
308,19.5,96.5,0x134,0.34033920413889424,1.684242728174528
309,19.5,97.5,0x135,0.34033920413889424,1.7016960206944713
310,20.5,67.5,0x136,0.35779249665883756,1.1780972450961724
311,20.5,68.5,0x137,0.35779249665883756,1.1955505376161157
312,20.5,69.5,0x138,0.35779249665883756,1.213003830136059
313,20.5,70.5,0x139,0.35779249665883756,1.2304571226560024
314,20.5,71.5,0x13a,0.35779249665883756,1.2479104151759457
315,20.5,72.5,0x13b,0.35779249665883756,1.265363707695889
316,20.5,73.5,0x13c,0.35779249665883756,1.2828170002158321
317,20.5,74.5,0x13d,0.35779249665883756,1.3002702927357754
318,20.5,75.5,0x13e,0.35779249665883756,1.3177235852557188
319,20.5,76.5,0x13f,0.35779249665883756,1.335176877775662
320,20.5,77.5,0x140,0.35779249665883756,1.3526301702956054
321,20.5,78.5,0x141,0.35779249665883756,1.3700834628155487
322,20.5,79.5,0x142,0.35779249665883756,1.387536755335492
323,20.5,80.5,0x143,0.35779249665883756,1.4049900478554354
324,20.5,81.5,0x144,0.35779249665883756,1.4224433403753787
325,20.5,82.5,0x145,0.35779249665883756,1.4398966328953218
326,20.5,83.5,0x146,0.35779249665883756,1.457349925415265
327,20.5,84.5,0x147,0.35779249665883756,1.4748032179352084
328,20.5,85.5,0x148,0.35779249665883756,1.4922565104551517
329,20.5,86.5,0x149,0.35779249665883756,1.509709802975095
330,20.5,87.5,0x14a,0.35779249665883756,1.5271630954950384
331,20.5,88.5,0x14b,0.35779249665883756,1.5446163880149817
332,20.5,89.5,0x14c,0.35779249665883756,1.562069680534925
333,20.5,90.5,0x14d,0.35779249665883756,1.5795229730548683
334,20.5,91.5,0x14e,0.35779249665883756,1.5969762655748114
335,20.5,92.5,0x14f,0.35779249665883756,1.6144295580947547
336,20.5,93.5,0x150,0.35779249665883756,1.631882850614698
337,20.5,94.5,0x151,0.35779249665883756,1.6493361431346414
338,20.5,95.5,0x152,0.35779249665883756,1.6667894356545847
339,20.5,96.5,0x153,0.35779249665883756,1.684242728174528
340,20.5,97.5,0x154,0.35779249665883756,1.7016960206944713
341,21.5,67.5,0x155,0.3752457891787809,1.1780972450961724
342,21.5,68.5,0x156,0.3752457891787809,1.1955505376161157
343,21.5,69.5,0x157,0.3752457891787809,1.213003830136059
344,21.5,70.5,0x158,0.3752457891787809,1.2304571226560024
345,21.5,71.5,0x159,0.3752457891787809,1.2479104151759457
346,21.5,72.5,0x15a,0.3752457891787809,1.265363707695889
347,21.5,73.5,0x15b,0.3752457891787809,1.2828170002158321
348,21.5,74.5,0x15c,0.3752457891787809,1.3002702927357754
349,21.5,75.5,0x15d,0.3752457891787809,1.3177235852557188
350,21.5,76.5,0x15e,0.3752457891787809,1.335176877775662
351,21.5,77.5,0x15f,0.3752457891787809,1.3526301702956054
352,21.5,78.5,0x160,0.3752457891787809,1.3700834628155487
353,21.5,79.5,0x161,0.3752457891787809,1.387536755335492
354,21.5,80.5,0x162,0.3752457891787809,1.4049900478554354
355,21.5,81.5,0x163,0.3752457891787809,1.4224433403753787
356,21.5,82.5,0x164,0.3752457891787809,1.4398966328953218
357,21.5,83.5,0x165,0.3752457891787809,1.457349925415265
358,21.5,84.5,0x166,0.3752457891787809,1.4748032179352084
359,21.5,85.5,0x167,0.3752457891787809,1.4922565104551517
360,21.5,86.5,0x168,0.3752457891787809,1.509709802975095
361,21.5,87.5,0x169,0.3752457891787809,1.5271630954950384
362,21.5,88.5,0x16a,0.3752457891787809,1.5446163880149817
363,21.5,89.5,0x16b,0.3752457891787809,1.562069680534925
364,21.5,90.5,0x16c,0.3752457891787809,1.5795229730548683
365,21.5,91.5,0x16d,0.3752457891787809,1.5969762655748114
366,21.5,92.5,0x16e,0.3752457891787809,1.6144295580947547
367,21.5,93.5,0x16f,0.3752457891787809,1.631882850614698
368,21.5,94.5,0x170,0.3752457891787809,1.6493361431346414
369,21.5,95.5,0x171,0.3752457891787809,1.6667894356545847
370,21.5,96.5,0x172,0.3752457891787809,1.684242728174528
371,21.5,97.5,0x173,0.3752457891787809,1.7016960206944713
372,22.5,67.5,0x174,0.39269908169872414,1.1780972450961724
373,22.5,68.5,0x175,0.39269908169872414,1.1955505376161157
374,22.5,69.5,0x176,0.39269908169872414,1.213003830136059
375,22.5,70.5,0x177,0.39269908169872414,1.2304571226560024
376,22.5,71.5,0x178,0.39269908169872414,1.2479104151759457
377,22.5,72.5,0x179,0.39269908169872414,1.265363707695889
378,22.5,73.5,0x17a,0.39269908169872414,1.2828170002158321
379,22.5,74.5,0x17b,0.39269908169872414,1.3002702927357754
380,22.5,75.5,0x17c,0.39269908169872414,1.3177235852557188
381,22.5,76.5,0x17d,0.39269908169872414,1.335176877775662
382,22.5,77.5,0x17e,0.39269908169872414,1.3526301702956054
383,22.5,78.5,0x17f,0.39269908169872414,1.3700834628155487
384,22.5,79.5,0x180,0.39269908169872414,1.387536755335492
385,22.5,80.5,0x181,0.39269908169872414,1.4049900478554354
386,22.5,81.5,0x182,0.39269908169872414,1.4224433403753787
387,22.5,82.5,0x183,0.39269908169872414,1.4398966328953218
388,22.5,83.5,0x184,0.39269908169872414,1.457349925415265
389,22.5,84.5,0x185,0.39269908169872414,1.4748032179352084
390,22.5,85.5,0x186,0.39269908169872414,1.4922565104551517
391,22.5,86.5,0x187,0.39269908169872414,1.509709802975095
392,22.5,87.5,0x188,0.39269908169872414,1.5271630954950384
393,22.5,88.5,0x189,0.39269908169872414,1.5446163880149817
394,22.5,89.5,0x18a,0.39269908169872414,1.562069680534925
395,22.5,90.5,0x18b,0.39269908169872414,1.5795229730548683
396,22.5,91.5,0x18c,0.39269908169872414,1.5969762655748114
397,22.5,92.5,0x18d,0.39269908169872414,1.6144295580947547
398,22.5,93.5,0x18e,0.39269908169872414,1.631882850614698
399,22.5,94.5,0x18f,0.39269908169872414,1.6493361431346414
400,22.5,95.5,0x190,0.39269908169872414,1.6667894356545847
401,22.5,96.5,0x191,0.39269908169872414,1.684242728174528
402,22.5,97.5,0x192,0.39269908169872414,1.7016960206944713
403,23.5,67.5,0x193,0.41015237421866746,1.1780972450961724
404,23.5,68.5,0x194,0.41015237421866746,1.1955505376161157
405,23.5,69.5,0x195,0.41015237421866746,1.213003830136059
406,23.5,70.5,0x196,0.41015237421866746,1.2304571226560024
407,23.5,71.5,0x197,0.41015237421866746,1.2479104151759457
408,23.5,72.5,0x198,0.41015237421866746,1.265363707695889
409,23.5,73.5,0x199,0.41015237421866746,1.2828170002158321
410,23.5,74.5,0x19a,0.41015237421866746,1.3002702927357754
411,23.5,75.5,0x19b,0.41015237421866746,1.3177235852557188
412,23.5,76.5,0x19c,0.41015237421866746,1.335176877775662
413,23.5,77.5,0x19d,0.41015237421866746,1.3526301702956054
414,23.5,78.5,0x19e,0.41015237421866746,1.3700834628155487
415,23.5,79.5,0x19f,0.41015237421866746,1.387536755335492
416,23.5,80.5,0x1a0,0.41015237421866746,1.4049900478554354
417,23.5,81.5,0x1a1,0.41015237421866746,1.4224433403753787
418,23.5,82.5,0x1a2,0.41015237421866746,1.4398966328953218
419,23.5,83.5,0x1a3,0.41015237421866746,1.457349925415265
420,23.5,84.5,0x1a4,0.41015237421866746,1.4748032179352084
421,23.5,85.5,0x1a5,0.41015237421866746,1.4922565104551517
422,23.5,86.5,0x1a6,0.41015237421866746,1.509709802975095
423,23.5,87.5,0x1a7,0.41015237421866746,1.5271630954950384
424,23.5,88.5,0x1a8,0.41015237421866746,1.5446163880149817
425,23.5,89.5,0x1a9,0.41015237421866746,1.562069680534925
426,23.5,90.5,0x1aa,0.41015237421866746,1.5795229730548683
427,23.5,91.5,0x1ab,0.41015237421866746,1.5969762655748114
428,23.5,92.5,0x1ac,0.41015237421866746,1.6144295580947547
429,23.5,93.5,0x1ad,0.41015237421866746,1.631882850614698
430,23.5,94.5,0x1ae,0.41015237421866746,1.6493361431346414
431,23.5,95.5,0x1af,0.41015237421866746,1.6667894356545847
432,23.5,96.5,0x1b0,0.41015237421866746,1.684242728174528
433,23.5,97.5,0x1b1,0.41015237421866746,1.7016960206944713
434,24.5,67.5,0x1b2,0.4276056667386107,1.1780972450961724
435,24.5,68.5,0x1b3,0.4276056667386107,1.1955505376161157
436,24.5,69.5,0x1b4,0.4276056667386107,1.213003830136059
437,24.5,70.5,0x1b5,0.4276056667386107,1.2304571226560024
438,24.5,71.5,0x1b6,0.4276056667386107,1.2479104151759457
439,24.5,72.5,0x1b7,0.4276056667386107,1.265363707695889
440,24.5,73.5,0x1b8,0.4276056667386107,1.2828170002158321
441,24.5,74.5,0x1b9,0.4276056667386107,1.3002702927357754
442,24.5,75.5,0x1ba,0.4276056667386107,1.3177235852557188
443,24.5,76.5,0x1bb,0.4276056667386107,1.335176877775662
444,24.5,77.5,0x1bc,0.4276056667386107,1.3526301702956054
445,24.5,78.5,0x1bd,0.4276056667386107,1.3700834628155487
446,24.5,79.5,0x1be,0.4276056667386107,1.387536755335492
447,24.5,80.5,0x1bf,0.4276056667386107,1.4049900478554354
448,24.5,81.5,0x1c0,0.4276056667386107,1.4224433403753787
449,24.5,82.5,0x1c1,0.4276056667386107,1.4398966328953218
450,24.5,83.5,0x1c2,0.4276056667386107,1.457349925415265
451,24.5,84.5,0x1c3,0.4276056667386107,1.4748032179352084
452,24.5,85.5,0x1c4,0.4276056667386107,1.4922565104551517
453,24.5,86.5,0x1c5,0.4276056667386107,1.509709802975095
454,24.5,87.5,0x1c6,0.4276056667386107,1.5271630954950384
455,24.5,88.5,0x1c7,0.4276056667386107,1.5446163880149817
456,24.5,89.5,0x1c8,0.4276056667386107,1.562069680534925
457,24.5,90.5,0x1c9,0.4276056667386107,1.5795229730548683
458,24.5,91.5,0x1ca,0.4276056667386107,1.5969762655748114
459,24.5,92.5,0x1cb,0.4276056667386107,1.6144295580947547
460,24.5,93.5,0x1cc,0.4276056667386107,1.631882850614698
461,24.5,94.5,0x1cd,0.4276056667386107,1.6493361431346414
462,24.5,95.5,0x1ce,0.4276056667386107,1.6667894356545847
463,24.5,96.5,0x1cf,0.4276056667386107,1.684242728174528
464,24.5,97.5,0x1d0,0.4276056667386107,1.7016960206944713
465,25.5,67.5,0x1d1,0.44505895925855404,1.1780972450961724
466,25.5,68.5,0x1d2,0.44505895925855404,1.1955505376161157
467,25.5,69.5,0x1d3,0.44505895925855404,1.213003830136059
468,25.5,70.5,0x1d4,0.44505895925855404,1.2304571226560024
469,25.5,71.5,0x1d5,0.44505895925855404,1.2479104151759457
470,25.5,72.5,0x1d6,0.44505895925855404,1.265363707695889
471,25.5,73.5,0x1d7,0.44505895925855404,1.2828170002158321
472,25.5,74.5,0x1d8,0.44505895925855404,1.3002702927357754
473,25.5,75.5,0x1d9,0.44505895925855404,1.3177235852557188
474,25.5,76.5,0x1da,0.44505895925855404,1.335176877775662
475,25.5,77.5,0x1db,0.44505895925855404,1.3526301702956054
476,25.5,78.5,0x1dc,0.44505895925855404,1.3700834628155487
477,25.5,79.5,0x1dd,0.44505895925855404,1.387536755335492
478,25.5,80.5,0x1de,0.44505895925855404,1.4049900478554354
479,25.5,81.5,0x1df,0.44505895925855404,1.4224433403753787
480,25.5,82.5,0x1e0,0.44505895925855404,1.4398966328953218
481,25.5,83.5,0x1e1,0.44505895925855404,1.457349925415265
482,25.5,84.5,0x1e2,0.44505895925855404,1.4748032179352084
483,25.5,85.5,0x1e3,0.44505895925855404,1.4922565104551517
484,25.5,86.5,0x1e4,0.44505895925855404,1.509709802975095
485,25.5,87.5,0x1e5,0.44505895925855404,1.5271630954950384
486,25.5,88.5,0x1e6,0.44505895925855404,1.5446163880149817
487,25.5,89.5,0x1e7,0.44505895925855404,1.562069680534925
488,25.5,90.5,0x1e8,0.44505895925855404,1.5795229730548683
489,25.5,91.5,0x1e9,0.44505895925855404,1.5969762655748114
490,25.5,92.5,0x1ea,0.44505895925855404,1.6144295580947547
491,25.5,93.5,0x1eb,0.44505895925855404,1.631882850614698
492,25.5,94.5,0x1ec,0.44505895925855404,1.6493361431346414
493,25.5,95.5,0x1ed,0.44505895925855404,1.6667894356545847
494,25.5,96.5,0x1ee,0.44505895925855404,1.684242728174528
495,25.5,97.5,0x1ef,0.44505895925855404,1.7016960206944713
496,26.5,67.5,0x1f0,0.4625122517784973,1.1780972450961724
497,26.5,68.5,0x1f1,0.4625122517784973,1.1955505376161157
498,26.5,69.5,0x1f2,0.4625122517784973,1.213003830136059
499,26.5,70.5,0x1f3,0.4625122517784973,1.2304571226560024
500,26.5,71.5,0x1f4,0.4625122517784973,1.2479104151759457
501,26.5,72.5,0x1f5,0.4625122517784973,1.265363707695889
502,26.5,73.5,0x1f6,0.4625122517784973,1.2828170002158321
503,26.5,74.5,0x1f7,0.4625122517784973,1.3002702927357754
504,26.5,75.5,0x1f8,0.4625122517784973,1.3177235852557188
505,26.5,76.5,0x1f9,0.4625122517784973,1.335176877775662
506,26.5,77.5,0x1fa,0.4625122517784973,1.3526301702956054
507,26.5,78.5,0x1fb,0.4625122517784973,1.3700834628155487
508,26.5,79.5,0x1fc,0.4625122517784973,1.387536755335492
509,26.5,80.5,0x1fd,0.4625122517784973,1.4049900478554354
510,26.5,81.5,0x1fe,0.4625122517784973,1.4224433403753787
511,26.5,82.5,0x1ff,0.4625122517784973,1.4398966328953218
512,26.5,83.5,0x200,0.4625122517784973,1.457349925415265
513,26.5,84.5,0x201,0.4625122517784973,1.4748032179352084
514,26.5,85.5,0x202,0.4625122517784973,1.4922565104551517
515,26.5,86.5,0x203,0.4625122517784973,1.509709802975095
516,26.5,87.5,0x204,0.4625122517784973,1.5271630954950384
517,26.5,88.5,0x205,0.4625122517784973,1.5446163880149817
518,26.5,89.5,0x206,0.4625122517784973,1.562069680534925
519,26.5,90.5,0x207,0.4625122517784973,1.5795229730548683
520,26.5,91.5,0x208,0.4625122517784973,1.5969762655748114
521,26.5,92.5,0x209,0.4625122517784973,1.6144295580947547
522,26.5,93.5,0x20a,0.4625122517784973,1.631882850614698
523,26.5,94.5,0x20b,0.4625122517784973,1.6493361431346414
524,26.5,95.5,0x20c,0.4625122517784973,1.6667894356545847
525,26.5,96.5,0x20d,0.4625122517784973,1.684242728174528
526,26.5,97.5,0x20e,0.4625122517784973,1.7016960206944713
527,27.5,67.5,0x20f,0.4799655442984406,1.1780972450961724
528,27.5,68.5,0x210,0.4799655442984406,1.1955505376161157
529,27.5,69.5,0x211,0.4799655442984406,1.213003830136059
530,27.5,70.5,0x212,0.4799655442984406,1.2304571226560024
531,27.5,71.5,0x213,0.4799655442984406,1.2479104151759457
532,27.5,72.5,0x214,0.4799655442984406,1.265363707695889
533,27.5,73.5,0x215,0.4799655442984406,1.2828170002158321
534,27.5,74.5,0x216,0.4799655442984406,1.3002702927357754
535,27.5,75.5,0x217,0.4799655442984406,1.3177235852557188
536,27.5,76.5,0x218,0.4799655442984406,1.335176877775662
537,27.5,77.5,0x219,0.4799655442984406,1.3526301702956054
538,27.5,78.5,0x21a,0.4799655442984406,1.3700834628155487
539,27.5,79.5,0x21b,0.4799655442984406,1.387536755335492
540,27.5,80.5,0x21c,0.4799655442984406,1.4049900478554354
541,27.5,81.5,0x21d,0.4799655442984406,1.4224433403753787
542,27.5,82.5,0x21e,0.4799655442984406,1.4398966328953218
543,27.5,83.5,0x21f,0.4799655442984406,1.457349925415265
544,27.5,84.5,0x220,0.4799655442984406,1.4748032179352084
545,27.5,85.5,0x221,0.4799655442984406,1.4922565104551517
546,27.5,86.5,0x222,0.4799655442984406,1.509709802975095
547,27.5,87.5,0x223,0.4799655442984406,1.5271630954950384
548,27.5,88.5,0x224,0.4799655442984406,1.5446163880149817
549,27.5,89.5,0x225,0.4799655442984406,1.562069680534925
550,27.5,90.5,0x226,0.4799655442984406,1.5795229730548683
551,27.5,91.5,0x227,0.4799655442984406,1.5969762655748114
552,27.5,92.5,0x228,0.4799655442984406,1.6144295580947547
553,27.5,93.5,0x229,0.4799655442984406,1.631882850614698
554,27.5,94.5,0x22a,0.4799655442984406,1.6493361431346414
555,27.5,95.5,0x22b,0.4799655442984406,1.6667894356545847
556,27.5,96.5,0x22c,0.4799655442984406,1.684242728174528
557,27.5,97.5,0x22d,0.4799655442984406,1.7016960206944713
558,28.5,67.5,0x22e,0.49741883681838395,1.1780972450961724
559,28.5,68.5,0x22f,0.49741883681838395,1.1955505376161157
560,28.5,69.5,0x230,0.49741883681838395,1.213003830136059
561,28.5,70.5,0x231,0.49741883681838395,1.2304571226560024
562,28.5,71.5,0x232,0.49741883681838395,1.2479104151759457
563,28.5,72.5,0x233,0.49741883681838395,1.265363707695889
564,28.5,73.5,0x234,0.49741883681838395,1.2828170002158321
565,28.5,74.5,0x235,0.49741883681838395,1.3002702927357754
566,28.5,75.5,0x236,0.49741883681838395,1.3177235852557188
567,28.5,76.5,0x237,0.49741883681838395,1.335176877775662
568,28.5,77.5,0x238,0.49741883681838395,1.3526301702956054
569,28.5,78.5,0x239,0.49741883681838395,1.3700834628155487
570,28.5,79.5,0x23a,0.49741883681838395,1.387536755335492
571,28.5,80.5,0x23b,0.49741883681838395,1.4049900478554354
572,28.5,81.5,0x23c,0.49741883681838395,1.4224433403753787
573,28.5,82.5,0x23d,0.49741883681838395,1.4398966328953218
574,28.5,83.5,0x23e,0.49741883681838395,1.457349925415265
575,28.5,84.5,0x23f,0.49741883681838395,1.4748032179352084
576,28.5,85.5,0x240,0.49741883681838395,1.4922565104551517
577,28.5,86.5,0x241,0.49741883681838395,1.509709802975095
578,28.5,87.5,0x242,0.49741883681838395,1.5271630954950384
579,28.5,88.5,0x243,0.49741883681838395,1.5446163880149817
580,28.5,89.5,0x244,0.49741883681838395,1.562069680534925
581,28.5,90.5,0x245,0.49741883681838395,1.5795229730548683
582,28.5,91.5,0x246,0.49741883681838395,1.5969762655748114
583,28.5,92.5,0x247,0.49741883681838395,1.6144295580947547
584,28.5,93.5,0x248,0.49741883681838395,1.631882850614698
585,28.5,94.5,0x249,0.49741883681838395,1.6493361431346414
586,28.5,95.5,0x24a,0.49741883681838395,1.6667894356545847
587,28.5,96.5,0x24b,0.49741883681838395,1.684242728174528
588,28.5,97.5,0x24c,0.49741883681838395,1.7016960206944713
589,29.5,67.5,0x24d,0.5148721293383273,1.1780972450961724
590,29.5,68.5,0x24e,0.5148721293383273,1.1955505376161157
591,29.5,69.5,0x24f,0.5148721293383273,1.213003830136059
592,29.5,70.5,0x250,0.5148721293383273,1.2304571226560024
593,29.5,71.5,0x251,0.5148721293383273,1.2479104151759457
594,29.5,72.5,0x252,0.5148721293383273,1.265363707695889
595,29.5,73.5,0x253,0.5148721293383273,1.2828170002158321
596,29.5,74.5,0x254,0.5148721293383273,1.3002702927357754
597,29.5,75.5,0x255,0.5148721293383273,1.3177235852557188
598,29.5,76.5,0x256,0.5148721293383273,1.335176877775662
599,29.5,77.5,0x257,0.5148721293383273,1.3526301702956054
600,29.5,78.5,0x258,0.5148721293383273,1.3700834628155487
601,29.5,79.5,0x259,0.5148721293383273,1.387536755335492
602,29.5,80.5,0x25a,0.5148721293383273,1.4049900478554354
603,29.5,81.5,0x25b,0.5148721293383273,1.4224433403753787
604,29.5,82.5,0x25c,0.5148721293383273,1.4398966328953218
605,29.5,83.5,0x25d,0.5148721293383273,1.457349925415265
606,29.5,84.5,0x25e,0.5148721293383273,1.4748032179352084
607,29.5,85.5,0x25f,0.5148721293383273,1.4922565104551517
608,29.5,86.5,0x260,0.5148721293383273,1.509709802975095
609,29.5,87.5,0x261,0.5148721293383273,1.5271630954950384
610,29.5,88.5,0x262,0.5148721293383273,1.5446163880149817
611,29.5,89.5,0x263,0.5148721293383273,1.562069680534925
612,29.5,90.5,0x264,0.5148721293383273,1.5795229730548683
613,29.5,91.5,0x265,0.5148721293383273,1.5969762655748114
614,29.5,92.5,0x266,0.5148721293383273,1.6144295580947547
615,29.5,93.5,0x267,0.5148721293383273,1.631882850614698
616,29.5,94.5,0x268,0.5148721293383273,1.6493361431346414
617,29.5,95.5,0x269,0.5148721293383273,1.6667894356545847
618,29.5,96.5,0x26a,0.5148721293383273,1.684242728174528
619,29.5,97.5,0x26b,0.5148721293383273,1.7016960206944713
620,30.5,67.5,0x26c,0.5323254218582705,1.1780972450961724
621,30.5,68.5,0x26d,0.5323254218582705,1.1955505376161157
622,30.5,69.5,0x26e,0.5323254218582705,1.213003830136059
623,30.5,70.5,0x26f,0.5323254218582705,1.2304571226560024
624,30.5,71.5,0x270,0.5323254218582705,1.2479104151759457
625,30.5,72.5,0x271,0.5323254218582705,1.265363707695889
626,30.5,73.5,0x272,0.5323254218582705,1.2828170002158321
627,30.5,74.5,0x273,0.5323254218582705,1.3002702927357754
628,30.5,75.5,0x274,0.5323254218582705,1.3177235852557188
629,30.5,76.5,0x275,0.5323254218582705,1.335176877775662
630,30.5,77.5,0x276,0.5323254218582705,1.3526301702956054
631,30.5,78.5,0x277,0.5323254218582705,1.3700834628155487
632,30.5,79.5,0x278,0.5323254218582705,1.387536755335492
633,30.5,80.5,0x279,0.5323254218582705,1.4049900478554354
634,30.5,81.5,0x27a,0.5323254218582705,1.4224433403753787
635,30.5,82.5,0x27b,0.5323254218582705,1.4398966328953218
636,30.5,83.5,0x27c,0.5323254218582705,1.457349925415265
637,30.5,84.5,0x27d,0.5323254218582705,1.4748032179352084
638,30.5,85.5,0x27e,0.5323254218582705,1.4922565104551517
639,30.5,86.5,0x27f,0.5323254218582705,1.509709802975095
640,30.5,87.5,0x280,0.5323254218582705,1.5271630954950384
641,30.5,88.5,0x281,0.5323254218582705,1.5446163880149817
642,30.5,89.5,0x282,0.5323254218582705,1.562069680534925
643,30.5,90.5,0x283,0.5323254218582705,1.5795229730548683
644,30.5,91.5,0x284,0.5323254218582705,1.5969762655748114
645,30.5,92.5,0x285,0.5323254218582705,1.6144295580947547
646,30.5,93.5,0x286,0.5323254218582705,1.631882850614698
647,30.5,94.5,0x287,0.5323254218582705,1.6493361431346414
648,30.5,95.5,0x288,0.5323254218582705,1.6667894356545847
649,30.5,96.5,0x289,0.5323254218582705,1.684242728174528
650,30.5,97.5,0x28a,0.5323254218582705,1.7016960206944713
651,31.5,67.5,0x28b,0.5497787143782138,1.1780972450961724
652,31.5,68.5,0x28c,0.5497787143782138,1.1955505376161157
653,31.5,69.5,0x28d,0.5497787143782138,1.213003830136059
654,31.5,70.5,0x28e,0.5497787143782138,1.2304571226560024
655,31.5,71.5,0x28f,0.5497787143782138,1.2479104151759457
656,31.5,72.5,0x290,0.5497787143782138,1.265363707695889
657,31.5,73.5,0x291,0.5497787143782138,1.2828170002158321
658,31.5,74.5,0x292,0.5497787143782138,1.3002702927357754
659,31.5,75.5,0x293,0.5497787143782138,1.3177235852557188
660,31.5,76.5,0x294,0.5497787143782138,1.335176877775662
661,31.5,77.5,0x295,0.5497787143782138,1.3526301702956054
662,31.5,78.5,0x296,0.5497787143782138,1.3700834628155487
663,31.5,79.5,0x297,0.5497787143782138,1.387536755335492
664,31.5,80.5,0x298,0.5497787143782138,1.4049900478554354
665,31.5,81.5,0x299,0.5497787143782138,1.4224433403753787
666,31.5,82.5,0x29a,0.5497787143782138,1.4398966328953218
667,31.5,83.5,0x29b,0.5497787143782138,1.457349925415265
668,31.5,84.5,0x29c,0.5497787143782138,1.4748032179352084
669,31.5,85.5,0x29d,0.5497787143782138,1.4922565104551517
670,31.5,86.5,0x29e,0.5497787143782138,1.509709802975095
671,31.5,87.5,0x29f,0.5497787143782138,1.5271630954950384
672,31.5,88.5,0x2a0,0.5497787143782138,1.5446163880149817
673,31.5,89.5,0x2a1,0.5497787143782138,1.562069680534925
674,31.5,90.5,0x2a2,0.5497787143782138,1.5795229730548683
675,31.5,91.5,0x2a3,0.5497787143782138,1.5969762655748114
676,31.5,92.5,0x2a4,0.5497787143782138,1.6144295580947547
677,31.5,93.5,0x2a5,0.5497787143782138,1.631882850614698
678,31.5,94.5,0x2a6,0.5497787143782138,1.6493361431346414
679,31.5,95.5,0x2a7,0.5497787143782138,1.6667894356545847
680,31.5,96.5,0x2a8,0.5497787143782138,1.684242728174528
681,31.5,97.5,0x2a9,0.5497787143782138,1.7016960206944713
682,32.5,67.5,0x2aa,0.5672320068981571,1.1780972450961724
683,32.5,68.5,0x2ab,0.5672320068981571,1.1955505376161157
684,32.5,69.5,0x2ac,0.5672320068981571,1.213003830136059
685,32.5,70.5,0x2ad,0.5672320068981571,1.2304571226560024
686,32.5,71.5,0x2ae,0.5672320068981571,1.2479104151759457
687,32.5,72.5,0x2af,0.5672320068981571,1.265363707695889
688,32.5,73.5,0x2b0,0.5672320068981571,1.2828170002158321
689,32.5,74.5,0x2b1,0.5672320068981571,1.3002702927357754
690,32.5,75.5,0x2b2,0.5672320068981571,1.3177235852557188
691,32.5,76.5,0x2b3,0.5672320068981571,1.335176877775662
692,32.5,77.5,0x2b4,0.5672320068981571,1.3526301702956054
693,32.5,78.5,0x2b5,0.5672320068981571,1.3700834628155487
694,32.5,79.5,0x2b6,0.5672320068981571,1.387536755335492
695,32.5,80.5,0x2b7,0.5672320068981571,1.4049900478554354
696,32.5,81.5,0x2b8,0.5672320068981571,1.4224433403753787
697,32.5,82.5,0x2b9,0.5672320068981571,1.4398966328953218
698,32.5,83.5,0x2ba,0.5672320068981571,1.457349925415265
699,32.5,84.5,0x2bb,0.5672320068981571,1.4748032179352084
700,32.5,85.5,0x2bc,0.5672320068981571,1.4922565104551517
701,32.5,86.5,0x2bd,0.5672320068981571,1.509709802975095
702,32.5,87.5,0x2be,0.5672320068981571,1.5271630954950384
703,32.5,88.5,0x2bf,0.5672320068981571,1.5446163880149817
704,32.5,89.5,0x2c0,0.5672320068981571,1.562069680534925
705,32.5,90.5,0x2c1,0.5672320068981571,1.5795229730548683
706,32.5,91.5,0x2c2,0.5672320068981571,1.5969762655748114
707,32.5,92.5,0x2c3,0.5672320068981571,1.6144295580947547
708,32.5,93.5,0x2c4,0.5672320068981571,1.631882850614698
709,32.5,94.5,0x2c5,0.5672320068981571,1.6493361431346414
710,32.5,95.5,0x2c6,0.5672320068981571,1.6667894356545847
711,32.5,96.5,0x2c7,0.5672320068981571,1.684242728174528
712,32.5,97.5,0x2c8,0.5672320068981571,1.7016960206944713
713,33.5,67.5,0x2c9,0.5846852994181004,1.1780972450961724
714,33.5,68.5,0x2ca,0.5846852994181004,1.1955505376161157
715,33.5,69.5,0x2cb,0.5846852994181004,1.213003830136059
716,33.5,70.5,0x2cc,0.5846852994181004,1.2304571226560024
717,33.5,71.5,0x2cd,0.5846852994181004,1.2479104151759457
718,33.5,72.5,0x2ce,0.5846852994181004,1.265363707695889
719,33.5,73.5,0x2cf,0.5846852994181004,1.2828170002158321
720,33.5,74.5,0x2d0,0.5846852994181004,1.3002702927357754
721,33.5,75.5,0x2d1,0.5846852994181004,1.3177235852557188
722,33.5,76.5,0x2d2,0.5846852994181004,1.335176877775662
723,33.5,77.5,0x2d3,0.5846852994181004,1.3526301702956054
724,33.5,78.5,0x2d4,0.5846852994181004,1.3700834628155487
725,33.5,79.5,0x2d5,0.5846852994181004,1.387536755335492
726,33.5,80.5,0x2d6,0.5846852994181004,1.4049900478554354
727,33.5,81.5,0x2d7,0.5846852994181004,1.4224433403753787
728,33.5,82.5,0x2d8,0.5846852994181004,1.4398966328953218
729,33.5,83.5,0x2d9,0.5846852994181004,1.457349925415265
730,33.5,84.5,0x2da,0.5846852994181004,1.4748032179352084
731,33.5,85.5,0x2db,0.5846852994181004,1.4922565104551517
732,33.5,86.5,0x2dc,0.5846852994181004,1.509709802975095
733,33.5,87.5,0x2dd,0.5846852994181004,1.5271630954950384
734,33.5,88.5,0x2de,0.5846852994181004,1.5446163880149817
735,33.5,89.5,0x2df,0.5846852994181004,1.562069680534925
736,33.5,90.5,0x2e0,0.5846852994181004,1.5795229730548683
737,33.5,91.5,0x2e1,0.5846852994181004,1.5969762655748114
738,33.5,92.5,0x2e2,0.5846852994181004,1.6144295580947547
739,33.5,93.5,0x2e3,0.5846852994181004,1.631882850614698
740,33.5,94.5,0x2e4,0.5846852994181004,1.6493361431346414
741,33.5,95.5,0x2e5,0.5846852994181004,1.6667894356545847
742,33.5,96.5,0x2e6,0.5846852994181004,1.684242728174528
743,33.5,97.5,0x2e7,0.5846852994181004,1.7016960206944713
744,34.5,67.5,0x2e8,0.6021385919380436,1.1780972450961724
745,34.5,68.5,0x2e9,0.6021385919380436,1.1955505376161157
746,34.5,69.5,0x2ea,0.6021385919380436,1.213003830136059
747,34.5,70.5,0x2eb,0.6021385919380436,1.2304571226560024
748,34.5,71.5,0x2ec,0.6021385919380436,1.2479104151759457
749,34.5,72.5,0x2ed,0.6021385919380436,1.265363707695889
750,34.5,73.5,0x2ee,0.6021385919380436,1.2828170002158321
751,34.5,74.5,0x2ef,0.6021385919380436,1.3002702927357754
752,34.5,75.5,0x2f0,0.6021385919380436,1.3177235852557188
753,34.5,76.5,0x2f1,0.6021385919380436,1.335176877775662
754,34.5,77.5,0x2f2,0.6021385919380436,1.3526301702956054
755,34.5,78.5,0x2f3,0.6021385919380436,1.3700834628155487
756,34.5,79.5,0x2f4,0.6021385919380436,1.387536755335492
757,34.5,80.5,0x2f5,0.6021385919380436,1.4049900478554354
758,34.5,81.5,0x2f6,0.6021385919380436,1.4224433403753787
759,34.5,82.5,0x2f7,0.6021385919380436,1.4398966328953218
760,34.5,83.5,0x2f8,0.6021385919380436,1.457349925415265
761,34.5,84.5,0x2f9,0.6021385919380436,1.4748032179352084
762,34.5,85.5,0x2fa,0.6021385919380436,1.4922565104551517
763,34.5,86.5,0x2fb,0.6021385919380436,1.509709802975095
764,34.5,87.5,0x2fc,0.6021385919380436,1.5271630954950384
765,34.5,88.5,0x2fd,0.6021385919380436,1.5446163880149817
766,34.5,89.5,0x2fe,0.6021385919380436,1.562069680534925
767,34.5,90.5,0x2ff,0.6021385919380436,1.5795229730548683
768,34.5,91.5,0x300,0.6021385919380436,1.5969762655748114
769,34.5,92.5,0x301,0.6021385919380436,1.6144295580947547
770,34.5,93.5,0x302,0.6021385919380436,1.631882850614698
771,34.5,94.5,0x303,0.6021385919380436,1.6493361431346414
772,34.5,95.5,0x304,0.6021385919380436,1.6667894356545847
773,34.5,96.5,0x305,0.6021385919380436,1.684242728174528
774,34.5,97.5,0x306,0.6021385919380436,1.7016960206944713
775,35.5,67.5,0x307,0.619591884457987,1.1780972450961724
776,35.5,68.5,0x308,0.619591884457987,1.1955505376161157
777,35.5,69.5,0x309,0.619591884457987,1.213003830136059
778,35.5,70.5,0x30a,0.619591884457987,1.2304571226560024
779,35.5,71.5,0x30b,0.619591884457987,1.2479104151759457
780,35.5,72.5,0x30c,0.619591884457987,1.265363707695889
781,35.5,73.5,0x30d,0.619591884457987,1.2828170002158321
782,35.5,74.5,0x30e,0.619591884457987,1.3002702927357754
783,35.5,75.5,0x30f,0.619591884457987,1.3177235852557188
784,35.5,76.5,0x310,0.619591884457987,1.335176877775662
785,35.5,77.5,0x311,0.619591884457987,1.3526301702956054
786,35.5,78.5,0x312,0.619591884457987,1.3700834628155487
787,35.5,79.5,0x313,0.619591884457987,1.387536755335492
788,35.5,80.5,0x314,0.619591884457987,1.4049900478554354
789,35.5,81.5,0x315,0.619591884457987,1.4224433403753787
790,35.5,82.5,0x316,0.619591884457987,1.4398966328953218
791,35.5,83.5,0x317,0.619591884457987,1.457349925415265
792,35.5,84.5,0x318,0.619591884457987,1.4748032179352084
793,35.5,85.5,0x319,0.619591884457987,1.4922565104551517
794,35.5,86.5,0x31a,0.619591884457987,1.509709802975095
795,35.5,87.5,0x31b,0.619591884457987,1.5271630954950384
796,35.5,88.5,0x31c,0.619591884457987,1.5446163880149817
797,35.5,89.5,0x31d,0.619591884457987,1.562069680534925
798,35.5,90.5,0x31e,0.619591884457987,1.5795229730548683
799,35.5,91.5,0x31f,0.619591884457987,1.5969762655748114
800,35.5,92.5,0x320,0.619591884457987,1.6144295580947547
801,35.5,93.5,0x321,0.619591884457987,1.631882850614698
802,35.5,94.5,0x322,0.619591884457987,1.6493361431346414
803,35.5,95.5,0x323,0.619591884457987,1.6667894356545847
804,35.5,96.5,0x324,0.619591884457987,1.684242728174528
805,35.5,97.5,0x325,0.619591884457987,1.7016960206944713
806,36.5,67.5,0x326,0.6370451769779303,1.1780972450961724
807,36.5,68.5,0x327,0.6370451769779303,1.1955505376161157
808,36.5,69.5,0x328,0.6370451769779303,1.213003830136059
809,36.5,70.5,0x329,0.6370451769779303,1.2304571226560024
810,36.5,71.5,0x32a,0.6370451769779303,1.2479104151759457
811,36.5,72.5,0x32b,0.6370451769779303,1.265363707695889
812,36.5,73.5,0x32c,0.6370451769779303,1.2828170002158321
813,36.5,74.5,0x32d,0.6370451769779303,1.3002702927357754
814,36.5,75.5,0x32e,0.6370451769779303,1.3177235852557188
815,36.5,76.5,0x32f,0.6370451769779303,1.335176877775662
816,36.5,77.5,0x330,0.6370451769779303,1.3526301702956054
817,36.5,78.5,0x331,0.6370451769779303,1.3700834628155487
818,36.5,79.5,0x332,0.6370451769779303,1.387536755335492
819,36.5,80.5,0x333,0.6370451769779303,1.4049900478554354
820,36.5,81.5,0x334,0.6370451769779303,1.4224433403753787
821,36.5,82.5,0x335,0.6370451769779303,1.4398966328953218
822,36.5,83.5,0x336,0.6370451769779303,1.457349925415265
823,36.5,84.5,0x337,0.6370451769779303,1.4748032179352084
824,36.5,85.5,0x338,0.6370451769779303,1.4922565104551517
825,36.5,86.5,0x339,0.6370451769779303,1.509709802975095
826,36.5,87.5,0x33a,0.6370451769779303,1.5271630954950384
827,36.5,88.5,0x33b,0.6370451769779303,1.5446163880149817
828,36.5,89.5,0x33c,0.6370451769779303,1.562069680534925
829,36.5,90.5,0x33d,0.6370451769779303,1.5795229730548683
830,36.5,91.5,0x33e,0.6370451769779303,1.5969762655748114
831,36.5,92.5,0x33f,0.6370451769779303,1.6144295580947547
832,36.5,93.5,0x340,0.6370451769779303,1.631882850614698
833,36.5,94.5,0x341,0.6370451769779303,1.6493361431346414
834,36.5,95.5,0x342,0.6370451769779303,1.6667894356545847
835,36.5,96.5,0x343,0.6370451769779303,1.684242728174528
836,36.5,97.5,0x344,0.6370451769779303,1.7016960206944713
837,37.5,67.5,0x345,0.6544984694978736,1.1780972450961724
838,37.5,68.5,0x346,0.6544984694978736,1.1955505376161157
839,37.5,69.5,0x347,0.6544984694978736,1.213003830136059
840,37.5,70.5,0x348,0.6544984694978736,1.2304571226560024
841,37.5,71.5,0x349,0.6544984694978736,1.2479104151759457
842,37.5,72.5,0x34a,0.6544984694978736,1.265363707695889
843,37.5,73.5,0x34b,0.6544984694978736,1.2828170002158321
844,37.5,74.5,0x34c,0.6544984694978736,1.3002702927357754
845,37.5,75.5,0x34d,0.6544984694978736,1.3177235852557188
846,37.5,76.5,0x34e,0.6544984694978736,1.335176877775662
847,37.5,77.5,0x34f,0.6544984694978736,1.3526301702956054
848,37.5,78.5,0x350,0.6544984694978736,1.3700834628155487
849,37.5,79.5,0x351,0.6544984694978736,1.387536755335492
850,37.5,80.5,0x352,0.6544984694978736,1.4049900478554354
851,37.5,81.5,0x353,0.6544984694978736,1.4224433403753787
852,37.5,82.5,0x354,0.6544984694978736,1.4398966328953218
853,37.5,83.5,0x355,0.6544984694978736,1.457349925415265
854,37.5,84.5,0x356,0.6544984694978736,1.4748032179352084
855,37.5,85.5,0x357,0.6544984694978736,1.4922565104551517
856,37.5,86.5,0x358,0.6544984694978736,1.509709802975095
857,37.5,87.5,0x359,0.6544984694978736,1.5271630954950384
858,37.5,88.5,0x35a,0.6544984694978736,1.5446163880149817
859,37.5,89.5,0x35b,0.6544984694978736,1.562069680534925
860,37.5,90.5,0x35c,0.6544984694978736,1.5795229730548683
861,37.5,91.5,0x35d,0.6544984694978736,1.5969762655748114
862,37.5,92.5,0x35e,0.6544984694978736,1.6144295580947547
863,37.5,93.5,0x35f,0.6544984694978736,1.631882850614698
864,37.5,94.5,0x360,0.6544984694978736,1.6493361431346414
865,37.5,95.5,0x361,0.6544984694978736,1.6667894356545847
866,37.5,96.5,0x362,0.6544984694978736,1.684242728174528
867,37.5,97.5,0x363,0.6544984694978736,1.7016960206944713
868,7.5,67.5,0x364,0.1308996938995747,1.1780972450961724
869,7.5,68.5,0x365,0.1308996938995747,1.1955505376161157
870,7.5,69.5,0x366,0.1308996938995747,1.213003830136059
871,7.5,70.5,0x367,0.1308996938995747,1.2304571226560024
872,7.5,71.5,0x368,0.1308996938995747,1.2479104151759457
873,7.5,72.5,0x369,0.1308996938995747,1.265363707695889
874,7.5,73.5,0x36a,0.1308996938995747,1.2828170002158321
875,7.5,74.5,0x36b,0.1308996938995747,1.3002702927357754
876,7.5,75.5,0x36c,0.1308996938995747,1.3177235852557188
877,7.5,76.5,0x36d,0.1308996938995747,1.335176877775662
878,7.5,77.5,0x36e,0.1308996938995747,1.3526301702956054
879,7.5,78.5,0x36f,0.1308996938995747,1.3700834628155487
880,7.5,79.5,0x370,0.1308996938995747,1.387536755335492
881,7.5,80.5,0x371,0.1308996938995747,1.4049900478554354
882,7.5,81.5,0x372,0.1308996938995747,1.4224433403753787
883,7.5,82.5,0x373,0.1308996938995747,1.4398966328953218
884,7.5,83.5,0x374,0.1308996938995747,1.457349925415265
885,7.5,84.5,0x375,0.1308996938995747,1.4748032179352084
886,7.5,85.5,0x376,0.1308996938995747,1.4922565104551517
887,7.5,86.5,0x377,0.1308996938995747,1.509709802975095
888,7.5,87.5,0x378,0.1308996938995747,1.5271630954950384
889,7.5,88.5,0x379,0.1308996938995747,1.5446163880149817
890,7.5,89.5,0x37a,0.1308996938995747,1.562069680534925
891,7.5,90.5,0x37b,0.1308996938995747,1.5795229730548683
892,7.5,91.5,0x37c,0.1308996938995747,1.5969762655748114
893,7.5,92.5,0x37d,0.1308996938995747,1.6144295580947547
894,7.5,93.5,0x37e,0.1308996938995747,1.631882850614698
895,7.5,94.5,0x37f,0.1308996938995747,1.6493361431346414
896,7.5,95.5,0x380,0.1308996938995747,1.6667894356545847
897,7.5,96.5,0x381,0.1308996938995747,1.684242728174528
898,7.5,97.5,0x382,0.1308996938995747,1.7016960206944713
899,8.5,67.5,0x383,0.14835298641951802,1.1780972450961724
900,8.5,68.5,0x384,0.14835298641951802,1.1955505376161157
901,8.5,69.5,0x385,0.14835298641951802,1.213003830136059
902,8.5,70.5,0x386,0.14835298641951802,1.2304571226560024
903,8.5,71.5,0x387,0.14835298641951802,1.2479104151759457
904,8.5,72.5,0x388,0.14835298641951802,1.265363707695889
905,8.5,73.5,0x389,0.14835298641951802,1.2828170002158321
906,8.5,74.5,0x38a,0.14835298641951802,1.3002702927357754
907,8.5,75.5,0x38b,0.14835298641951802,1.3177235852557188
908,8.5,76.5,0x38c,0.14835298641951802,1.335176877775662
909,8.5,77.5,0x38d,0.14835298641951802,1.3526301702956054
910,8.5,78.5,0x38e,0.14835298641951802,1.3700834628155487
911,8.5,79.5,0x38f,0.14835298641951802,1.387536755335492
912,8.5,80.5,0x390,0.14835298641951802,1.4049900478554354
913,8.5,81.5,0x391,0.14835298641951802,1.4224433403753787
914,8.5,82.5,0x392,0.14835298641951802,1.4398966328953218
915,8.5,83.5,0x393,0.14835298641951802,1.457349925415265
916,8.5,84.5,0x394,0.14835298641951802,1.4748032179352084
917,8.5,85.5,0x395,0.14835298641951802,1.4922565104551517
918,8.5,86.5,0x396,0.14835298641951802,1.509709802975095
919,8.5,87.5,0x397,0.14835298641951802,1.5271630954950384
920,8.5,88.5,0x398,0.14835298641951802,1.5446163880149817
921,8.5,89.5,0x399,0.14835298641951802,1.562069680534925
922,8.5,90.5,0x39a,0.14835298641951802,1.5795229730548683
923,8.5,91.5,0x39b,0.14835298641951802,1.5969762655748114
924,8.5,92.5,0x39c,0.14835298641951802,1.6144295580947547
925,8.5,93.5,0x39d,0.14835298641951802,1.631882850614698
926,8.5,94.5,0x39e,0.14835298641951802,1.6493361431346414
927,8.5,95.5,0x39f,0.14835298641951802,1.6667894356545847
928,8.5,96.5,0x3a0,0.14835298641951802,1.684242728174528
929,8.5,97.5,0x3a1,0.14835298641951802,1.7016960206944713
930,9.5,67.5,0x3a2,0.16580627893946132,1.1780972450961724
931,9.5,68.5,0x3a3,0.16580627893946132,1.1955505376161157
932,9.5,69.5,0x3a4,0.16580627893946132,1.213003830136059
933,9.5,70.5,0x3a5,0.16580627893946132,1.2304571226560024
934,9.5,71.5,0x3a6,0.16580627893946132,1.2479104151759457
935,9.5,72.5,0x3a7,0.16580627893946132,1.265363707695889
936,9.5,73.5,0x3a8,0.16580627893946132,1.2828170002158321
937,9.5,74.5,0x3a9,0.16580627893946132,1.3002702927357754
938,9.5,75.5,0x3aa,0.16580627893946132,1.3177235852557188
939,9.5,76.5,0x3ab,0.16580627893946132,1.335176877775662
940,9.5,77.5,0x3ac,0.16580627893946132,1.3526301702956054
941,9.5,78.5,0x3ad,0.16580627893946132,1.3700834628155487
942,9.5,79.5,0x3ae,0.16580627893946132,1.387536755335492
943,9.5,80.5,0x3af,0.16580627893946132,1.4049900478554354
944,9.5,81.5,0x3b0,0.16580627893946132,1.4224433403753787
945,9.5,82.5,0x3b1,0.16580627893946132,1.4398966328953218
946,9.5,83.5,0x3b2,0.16580627893946132,1.457349925415265
947,9.5,84.5,0x3b3,0.16580627893946132,1.4748032179352084
948,9.5,85.5,0x3b4,0.16580627893946132,1.4922565104551517
949,9.5,86.5,0x3b5,0.16580627893946132,1.509709802975095
950,9.5,87.5,0x3b6,0.16580627893946132,1.5271630954950384
951,9.5,88.5,0x3b7,0.16580627893946132,1.5446163880149817
952,9.5,89.5,0x3b8,0.16580627893946132,1.562069680534925
953,9.5,90.5,0x3b9,0.16580627893946132,1.5795229730548683
954,9.5,91.5,0x3ba,0.16580627893946132,1.5969762655748114
955,9.5,92.5,0x3bb,0.16580627893946132,1.6144295580947547
956,9.5,93.5,0x3bc,0.16580627893946132,1.631882850614698
957,9.5,94.5,0x3bd,0.16580627893946132,1.6493361431346414
958,9.5,95.5,0x3be,0.16580627893946132,1.6667894356545847
959,9.5,96.5,0x3bf,0.16580627893946132,1.684242728174528
960,9.5,97.5,0x3c0,0.16580627893946132,1.7016960206944713
